site_1,site_2,site_3,site_4,site_5,site_6,site_7,site_8,genotype,fitness,sequence
0,0,0,0,0,0,0,0,00000000,1.0,ACGTCGTA
0,0,0,0,0,0,0,1,00000001,1.1,ACGTCGTG
0,0,0,0,0,0,1,0,00000010,1.18,ACGTCGCA
0,0,0,0,0,0,1,1,00000011,1.28,ACGTCGCG
0,0,0,0,0,1,0,0,00000100,0.95,ACGTCTTA
0,0,0,0,0,1,0,1,00000101,1.05,ACGTCTTG
0,0,0,0,0,1,1,0,00000110,1.13,ACGTCTCA
0,0,0,0,0,1,1,1,00000111,1.23,ACGTCTCG
0,0,0,0,1,0,0,0,00001000,1.25,ACGTAGTA
0,0,0,0,1,0,0,1,00001001,1.6300000000000001,ACGTAGTG
0,0,0,0,1,0,1,0,00001010,1.43,ACGTAGCA
0,0,0,0,1,0,1,1,00001011,1.81,ACGTAGCG
0,0,0,0,1,1,0,0,00001100,1.2,ACGTATTA
0,0,0,0,1,1,0,1,00001101,1.58,ACGTATTG
0,0,0,0,1,1,1,0,00001110,1.38,ACGTATCA
0,0,0,0,1,1,1,1,00001111,1.76,ACGTATCG
0,0,0,1,0,0,0,0,00010000,1.15,ACGACGTA
0,0,0,1,0,0,0,1,00010001,1.25,ACGACGTG
0,0,0,1,0,0,1,0,00010010,1.08,ACGACGCA
0,0,0,1,0,0,1,1,00010011,1.1800000000000002,ACGACGCG
0,0,0,1,0,1,0,0,00010100,1.1,ACGACTTA
0,0,0,1,0,1,0,1,00010101,1.2,ACGACTTG
0,0,0,1,0,1,1,0,00010110,1.03,ACGACTCA
0,0,0,1,0,1,1,1,00010111,1.13,ACGACTCG
0,0,0,1,1,0,0,0,00011000,1.4,ACGAAGTA
0,0,0,1,1,0,0,1,00011001,1.78,ACGAAGTG
0,0,0,1,1,0,1,0,00011010,1.33,ACGAAGCA
0,0,0,1,1,0,1,1,00011011,1.7100000000000002,ACGAAGCG
0,0,0,1,1,1,0,0,00011100,1.35,ACGAATTA
0,0,0,1,1,1,0,1,00011101,1.7300000000000002,ACGAATTG
0,0,0,1,1,1,1,0,00011110,1.28,ACGAATCA
0,0,0,1,1,1,1,1,00011111,1.5999999999999999,ACGAATCG
0,0,1,0,0,0,0,0,00100000,0.9,ACCTCGTA
0,0,1,0,0,0,0,1,00100001,1.0,ACCTCGTG
0,0,1,0,0,0,1,0,00100010,1.08,ACCTCGCA
0,0,1,0,0,0,1,1,00100011,1.18,ACCTCGCG
0,0,1,0,0,1,0,0,00100100,1.15,ACCTCTTA
0,0,1,0,0,1,0,1,00100101,1.25,ACCTCTTG
0,0,1,0,0,1,1,0,00100110,1.33,ACCTCTCA
0,0,1,0,0,1,1,1,00100111,1.4300000000000002,ACCTCTCG
0,0,1,0,1,0,0,0,00101000,1.15,ACCTAGTA
0,0,1,0,1,0,0,1,00101001,1.53,ACCTAGTG
0,0,1,0,1,0,1,0,00101010,1.33,ACCTAGCA
0,0,1,0,1,0,1,1,00101011,1.7100000000000002,ACCTAGCG
0,0,1,0,1,1,0,0,00101100,1.4000000000000001,ACCTATTA
0,0,1,0,1,1,0,1,00101101,1.78,ACCTATTG
0,0,1,0,1,1,1,0,00101110,1.58,ACCTATCA
0,0,1,0,1,1,1,1,00101111,1.9,ACCTATCG
0,0,1,1,0,0,0,0,00110000,1.05,ACCACGTA
0,0,1,1,0,0,0,1,00110001,1.15,ACCACGTG
0,0,1,1,0,0,1,0,00110010,0.98,ACCACGCA
0,0,1,1,0,0,1,1,00110011,1.08,ACCACGCG
0,0,1,1,0,1,0,0,00110100,1.3,ACCACTTA
0,0,1,1,0,1,0,1,00110101,1.4000000000000001,ACCACTTG
0,0,1,1,0,1,1,0,00110110,1.23,ACCACTCA
0,0,1,1,0,1,1,1,00110111,1.27,ACCACTCG
0,0,1,1,1,0,0,0,00111000,1.3,ACCAAGTA
0,0,1,1,1,0,0,1,00111001,1.68,ACCAAGTG
0,0,1,1,1,0,1,0,00111010,1.23,ACCAAGCA
0,0,1,1,1,0,1,1,00111011,1.55,ACCAAGCG
0,0,1,1,1,1,0,0,00111100,1.55,ACCAATTA
0,0,1,1,1,1,0,1,00111101,1.87,ACCAATTG
0,0,1,1,1,1,1,0,00111110,1.42,ACCAATCA
0,0,1,1,1,1,1,1,00111111,1.62,ACCAATCG
0,1,0,0,0,0,0,0,01000000,1.2,AGGTCGTA
0,1,0,0,0,0,0,1,01000001,1.3,AGGTCGTG
0,1,0,0,0,0,1,0,01000010,1.38,AGGTCGCA
0,1,0,0,0,0,1,1,01000011,1.48,AGGTCGCG
0,1,0,0,0,1,0,0,01000100,1.15,AGGTCTTA
0,1,0,0,0,1,0,1,01000101,1.25,AGGTCTTG
0,1,0,0,0,1,1,0,01000110,1.33,AGGTCTCA
0,1,0,0,0,1,1,1,01000111,1.4300000000000002,AGGTCTCG
0,1,0,0,1,0,0,0,01001000,1.1,AGGTAGTA
0,1,0,0,1,0,0,1,01001001,1.4800000000000002,AGGTAGTG
0,1,0,0,1,0,1,0,01001010,1.2799999999999998,AGGTAGCA
0,1,0,0,1,0,1,1,01001011,1.66,AGGTAGCG
0,1,0,0,1,1,0,0,01001100,1.0499999999999998,AGGTATTA
0,1,0,0,1,1,0,1,01001101,1.43,AGGTATTG
0,1,0,0,1,1,1,0,01001110,1.23,AGGTATCA
0,1,0,0,1,1,1,1,01001111,1.55,AGGTATCG
0,1,0,1,0,0,0,0,01010000,1.35,AGGACGTA
0,1,0,1,0,0,0,1,01010001,1.45,AGGACGTG
0,1,0,1,0,0,1,0,01010010,1.28,AGGACGCA
0,1,0,1,0,0,1,1,01010011,1.38,AGGACGCG
0,1,0,1,0,1,0,0,01010100,1.3,AGGACTTA
0,1,0,1,0,1,0,1,01010101,1.4,AGGACTTG
0,1,0,1,0,1,1,0,01010110,1.23,AGGACTCA
0,1,0,1,0,1,1,1,01010111,1.27,AGGACTCG
0,1,0,1,1,0,0,0,01011000,1.25,AGGAAGTA
0,1,0,1,1,0,0,1,01011001,1.6300000000000001,AGGAAGTG
0,1,0,1,1,0,1,0,01011010,1.1800000000000002,AGGAAGCA
0,1,0,1,1,0,1,1,01011011,1.4999999999999998,AGGAAGCG
0,1,0,1,1,1,0,0,01011100,1.2000000000000002,AGGAATTA
0,1,0,1,1,1,0,1,01011101,1.5199999999999998,AGGAATTG
0,1,0,1,1,1,1,0,01011110,1.0699999999999998,AGGAATCA
0,1,0,1,1,1,1,1,01011111,1.27,AGGAATCG
0,1,1,0,0,0,0,0,01100000,1.1,AGCTCGTA
0,1,1,0,0,0,0,1,01100001,1.2,AGCTCGTG
0,1,1,0,0,0,1,0,01100010,1.28,AGCTCGCA
0,1,1,0,0,0,1,1,01100011,1.38,AGCTCGCG
0,1,1,0,0,1,0,0,01100100,1.35,AGCTCTTA
0,1,1,0,0,1,0,1,01100101,1.45,AGCTCTTG
0,1,1,0,0,1,1,0,01100110,1.53,AGCTCTCA
0,1,1,0,0,1,1,1,01100111,1.57,AGCTCTCG
0,1,1,0,1,0,0,0,01101000,1.0,AGCTAGTA
0,1,1,0,1,0,0,1,01101001,1.3800000000000001,AGCTAGTG
0,1,1,0,1,0,1,0,01101010,1.1800000000000002,AGCTAGCA
0,1,1,0,1,0,1,1,01101011,1.4999999999999998,AGCTAGCG
0,1,1,0,1,1,0,0,01101100,1.25,AGCTATTA
0,1,1,0,1,1,0,1,01101101,1.5699999999999998,AGCTATTG
0,1,1,0,1,1,1,0,01101110,1.3699999999999999,AGCTATCA
0,1,1,0,1,1,1,1,01101111,1.57,AGCTATCG
0,1,1,1,0,0,0,0,01110000,1.25,AGCACGTA
0,1,1,1,0,0,0,1,01110001,1.35,AGCACGTG
0,1,1,1,0,0,1,0,01110010,1.18,AGCACGCA
0,1,1,1,0,0,1,1,01110011,1.22,AGCACGCG
0,1,1,1,0,1,0,0,01110100,1.5,AGCACTTA
0,1,1,1,0,1,0,1,01110101,1.54,AGCACTTG
0,1,1,1,0,1,1,0,01110110,1.3699999999999999,AGCACTCA
0,1,1,1,0,1,1,1,01110111,1.29,AGCACTCG
0,1,1,1,1,0,0,0,01111000,1.15,AGCAAGTA
0,1,1,1,1,0,0,1,01111001,1.47,AGCAAGTG
0,1,1,1,1,0,1,0,01111010,1.02,AGCAAGCA
0,1,1,1,1,0,1,1,01111011,1.2200000000000002,AGCAAGCG
0,1,1,1,1,1,0,0,01111100,1.34,AGCAATTA
0,1,1,1,1,1,0,1,01111101,1.5400000000000003,AGCAATTG
0,1,1,1,1,1,1,0,01111110,1.0899999999999999,AGCAATCA
0,1,1,1,1,1,1,1,01111111,1.17,AGCAATCG
1,0,0,0,0,0,0,0,10000000,1.35,TCGTCGTA
1,0,0,0,0,0,0,1,10000001,1.45,TCGTCGTG
1,0,0,0,0,0,1,0,10000010,1.53,TCGTCGCA
1,0,0,0,0,0,1,1,10000011,1.63,TCGTCGCG
1,0,0,0,0,1,0,0,10000100,1.3,TCGTCTTA
1,0,0,0,0,1,0,1,10000101,1.4,TCGTCTTG
1,0,0,0,0,1,1,0,10000110,1.48,TCGTCTCA
1,0,0,0,0,1,1,1,10000111,1.58,TCGTCTCG
1,0,0,0,1,0,0,0,10001000,1.6,TCGTAGTA
1,0,0,0,1,0,0,1,10001001,1.98,TCGTAGTG
1,0,0,0,1,0,1,0,10001010,1.78,TCGTAGCA
1,0,0,0,1,0,1,1,10001011,2.16,TCGTAGCG
1,0,0,0,1,1,0,0,10001100,1.55,TCGTATTA
1,0,0,0,1,1,0,1,10001101,1.93,TCGTATTG
1,0,0,0,1,1,1,0,10001110,1.73,TCGTATCA
1,0,0,0,1,1,1,1,10001111,2.0500000000000003,TCGTATCG
1,0,0,1,0,0,0,0,10010000,1.5,TCGACGTA
1,0,0,1,0,0,0,1,10010001,1.6,TCGACGTG
1,0,0,1,0,0,1,0,10010010,1.43,TCGACGCA
1,0,0,1,0,0,1,1,10010011,1.53,TCGACGCG
1,0,0,1,0,1,0,0,10010100,1.45,TCGACTTA
1,0,0,1,0,1,0,1,10010101,1.55,TCGACTTG
1,0,0,1,0,1,1,0,10010110,1.38,TCGACTCA
1,0,0,1,0,1,1,1,10010111,1.42,TCGACTCG
1,0,0,1,1,0,0,0,10011000,1.75,TCGAAGTA
1,0,0,1,1,0,0,1,10011001,2.13,TCGAAGTG
1,0,0,1,1,0,1,0,10011010,1.68,TCGAAGCA
1,0,0,1,1,0,1,1,10011011,2.0000000000000004,TCGAAGCG
1,0,0,1,1,1,0,0,10011100,1.7,TCGAATTA
1,0,0,1,1,1,0,1,10011101,2.02,TCGAATTG
1,0,0,1,1,1,1,0,10011110,1.5699999999999998,TCGAATCA
1,0,0,1,1,1,1,1,10011111,1.7699999999999998,TCGAATCG
1,0,1,0,0,0,0,0,10100000,1.25,TCCTCGTA
1,0,1,0,0,0,0,1,10100001,1.35,TCCTCGTG
1,0,1,0,0,0,1,0,10100010,1.43,TCCTCGCA
1,0,1,0,0,0,1,1,10100011,1.53,TCCTCGCG
1,0,1,0,0,1,0,0,10100100,1.5,TCCTCTTA
1,0,1,0,0,1,0,1,10100101,1.6,TCCTCTTG
1,0,1,0,0,1,1,0,10100110,1.68,TCCTCTCA
1,0,1,0,0,1,1,1,10100111,1.72,TCCTCTCG
1,0,1,0,1,0,0,0,10101000,1.5,TCCTAGTA
1,0,1,0,1,0,0,1,10101001,1.8800000000000001,TCCTAGTG
1,0,1,0,1,0,1,0,10101010,1.68,TCCTAGCA
1,0,1,0,1,0,1,1,10101011,2.0,TCCTAGCG
1,0,1,0,1,1,0,0,10101100,1.75,TCCTATTA
1,0,1,0,1,1,0,1,10101101,2.07,TCCTATTG
1,0,1,0,1,1,1,0,10101110,1.8699999999999999,TCCTATCA
1,0,1,0,1,1,1,1,10101111,2.0699999999999994,TCCTATCG
1,0,1,1,0,0,0,0,10110000,1.4,TCCACGTA
1,0,1,1,0,0,0,1,10110001,1.5,TCCACGTG
1,0,1,1,0,0,1,0,10110010,1.33,TCCACGCA
1,0,1,1,0,0,1,1,10110011,1.3699999999999999,TCCACGCG
1,0,1,1,0,1,0,0,10110100,1.6500000000000001,TCCACTTA
1,0,1,1,0,1,0,1,10110101,1.69,TCCACTTG
1,0,1,1,0,1,1,0,10110110,1.52,TCCACTCA
1,0,1,1,0,1,1,1,10110111,1.44,TCCACTCG
1,0,1,1,1,0,0,0,10111000,1.65,TCCAAGTA
1,0,1,1,1,0,0,1,10111001,1.9700000000000002,TCCAAGTG
1,0,1,1,1,0,1,0,10111010,1.52,TCCAAGCA
1,0,1,1,1,0,1,1,10111011,1.72,TCCAAGCG
1,0,1,1,1,1,0,0,10111100,1.84,TCCAATTA
1,0,1,1,1,1,0,1,10111101,2.04,TCCAATTG
1,0,1,1,1,1,1,0,10111110,1.59,TCCAATCA
1,0,1,1,1,1,1,1,10111111,1.67,TCCAATCG
1,1,0,0,0,0,0,0,11000000,1.9500000000000002,TGGTCGTA
1,1,0,0,0,0,0,1,11000001,2.05,TGGTCGTG
1,1,0,0,0,0,1,0,11000010,2.13,TGGTCGCA
1,1,0,0,0,0,1,1,11000011,2.23,TGGTCGCG
1,1,0,0,0,1,0,0,11000100,1.9,TGGTCTTA
1,1,0,0,0,1,0,1,11000101,2.0,TGGTCTTG
1,1,0,0,0,1,1,0,11000110,2.08,TGGTCTCA
1,1,0,0,0,1,1,1,11000111,2.12,TGGTCTCG
1,1,0,0,1,0,0,0,11001000,2.4000000000000004,TGGTAGTA
1,1,0,0,1,0,0,1,11001001,2.7799999999999994,TGGTAGTG
1,1,0,0,1,0,1,0,11001010,2.58,TGGTAGCA
1,1,0,0,1,0,1,1,11001011,2.9,TGGTAGCG
1,1,0,0,1,1,0,0,11001100,2.3499999999999996,TGGTATTA
1,1,0,0,1,1,0,1,11001101,2.6699999999999995,TGGTATTG
1,1,0,0,1,1,1,0,11001110,2.47,TGGTATCA
1,1,0,0,1,1,1,1,11001111,2.67,TGGTATCG
1,1,0,1,0,0,0,0,11010000,2.1,TGGACGTA
1,1,0,1,0,0,0,1,11010001,2.2,TGGACGTG
1,1,0,1,0,0,1,0,11010010,2.0300000000000002,TGGACGCA
1,1,0,1,0,0,1,1,11010011,2.07,TGGACGCG
1,1,0,1,0,1,0,0,11010100,2.05,TGGACTTA
1,1,0,1,0,1,0,1,11010101,2.09,TGGACTTG
1,1,0,1,0,1,1,0,11010110,1.92,TGGACTCA
1,1,0,1,0,1,1,1,11010111,1.84,TGGACTCG
1,1,0,1,1,0,0,0,11011000,2.55,TGGAAGTA
1,1,0,1,1,0,0,1,11011001,2.8699999999999997,TGGAAGTG
1,1,0,1,1,0,1,0,11011010,2.4199999999999995,TGGAAGCA
1,1,0,1,1,0,1,1,11011011,2.619999999999999,TGGAAGCG
1,1,0,1,1,1,0,0,11011100,2.44,TGGAATTA
1,1,0,1,1,1,0,1,11011101,2.6399999999999997,TGGAATTG
1,1,0,1,1,1,1,0,11011110,2.1899999999999995,TGGAATCA
1,1,0,1,1,1,1,1,11011111,2.2699999999999996,TGGAATCG
1,1,1,0,0,0,0,0,11100000,1.85,TGCTCGTA
1,1,1,0,0,0,0,1,11100001,1.9500000000000002,TGCTCGTG
1,1,1,0,0,0,1,0,11100010,2.0300000000000002,TGCTCGCA
1,1,1,0,0,0,1,1,11100011,2.07,TGCTCGCG
1,1,1,0,0,1,0,0,11100100,2.1,TGCTCTTA
1,1,1,0,0,1,0,1,11100101,2.1399999999999997,TGCTCTTG
1,1,1,0,0,1,1,0,11100110,2.2199999999999998,TGCTCTCA
1,1,1,0,0,1,1,1,11100111,2.1399999999999997,TGCTCTCG
1,1,1,0,1,0,0,0,11101000,2.3,TGCTAGTA
1,1,1,0,1,0,0,1,11101001,2.6199999999999997,TGCTAGTG
1,1,1,0,1,0,1,0,11101010,2.4200000000000004,TGCTAGCA
1,1,1,0,1,0,1,1,11101011,2.619999999999999,TGCTAGCG
1,1,1,0,1,1,0,0,11101100,2.4899999999999998,TGCTATTA
1,1,1,0,1,1,0,1,11101101,2.6899999999999995,TGCTATTG
1,1,1,0,1,1,1,0,11101110,2.4899999999999993,TGCTATCA
1,1,1,0,1,1,1,1,11101111,2.5699999999999994,TGCTATCG
1,1,1,1,0,0,0,0,11110000,2.0,TGCACGTA
1,1,1,1,0,0,0,1,11110001,2.04,TGCACGTG
1,1,1,1,0,0,1,0,11110010,1.87,TGCACGCA
1,1,1,1,0,0,1,1,11110011,1.7900000000000003,TGCACGCG
1,1,1,1,0,1,0,0,11110100,2.19,TGCACTTA
1,1,1,1,0,1,0,1,11110101,2.1100000000000003,TGCACTTG
1,1,1,1,0,1,1,0,11110110,1.9399999999999997,TGCACTCA
1,1,1,1,0,1,1,1,11110111,1.7399999999999998,TGCACTCG
1,1,1,1,1,0,0,0,11111000,2.39,TGCAAGTA
1,1,1,1,1,0,0,1,11111001,2.59,TGCAAGTG
1,1,1,1,1,0,1,0,11111010,2.1399999999999997,TGCAAGCA
1,1,1,1,1,0,1,1,11111011,2.2199999999999998,TGCAAGCG
1,1,1,1,1,1,0,0,11111100,2.46,TGCAATTA
1,1,1,1,1,1,0,1,11111101,2.54,TGCAATTG
1,1,1,1,1,1,1,0,11111110,2.09,TGCAATCA
1,1,1,1,1,1,1,1,11111111,2.05,TGCAATCG
